name,id,risk
Ad offers by Froovr,dcbfmglfdlgpnolgdjoioeocllioebpe,8
Ads by MapsVoyage,jfnlkmaledafkdhdokgnhlcmeamakham,8
Advertisement Offers by QuizKicks,nfhpojfdhcdmimokleagkdcbkmcgfjkh,8
Advertisements by ArcadeYum,jmbmildjdmppofnohldicmnkojfhggmb,8
Advertisements by MapsScout,dealfjgnmkibkcldkcpbikenmajlglmc,10
Advertisements by QuizDiamond,lgljionbhcfbnpjgfnhhoadpdngkmfnh,8
Advertising by MapsFrontier,nlhocomjnfjedielocojomgfldbjmdjj,10
Advertising by MapsPilot,fkllfgoempnigpogkgkgmghkchmjcjni,10
Advertising Offers by FreeWeatherApp,igpcgjcdhmdjhdlgoncfnpkdipanlida,8
Advertising Offers by MapsPilot,eohnfgagodblipmmalphhfepaonpnjgk,10
Advertising Offers by MapsVoyage,ojofdaokgfdlbeomlelkiiipkocneien,10
Advertisment Offers by GameDaddio,fdbmoflclpmkmeobidcgmfamkicinnlg,8
ArcadeCookie Offers,eebbihndkbkejmlgfoofigacgicamfha,8
ArcadeFrontier Ads,peglehonblabfemopkgmfcpofbchegcl,8
ClassifiedsNearMe Promos,gelcjfdfebnabkielednfoogpbhdeoai,8
CouponRockstar Offers,bblkckhknhmalchbceidkmjalmcmnkfa,8
CrushArcade Ads,pnhjnmacgahapmnnifmneapinilajfol,8
DearQuiz Advertising,ehibgcefkpbfkklbpahilhicidnhiboc,8
DeluxeQuiz Advertising,jpnamljnefhpbpcofcbonjjjkmfjbhdp,8
EarthViewDirections Promotions,looclnmoilplejheganiloofamfilbcd,8
EasyToolOnline Promos,ilcbbngkolbclhlildojhgjdbkkehfia,8
ExpressDirections Ads,lojgkcienjoiogbfkbjiidpfnabhkckf,8
ExpressDirections Promos,mjchijabihjkhmmaaihpgmhkklgakinl,8
FreeWeatherApp Advertisement Offers,eeacchjlmkcleifpppcjbmahcnlihamj,8
FreeWeatherApp Promos,almfnpjmjpnknlgpipillhfmchjikkno,8
FreeWeatherApp Promotions,blcfpeooekoekehdpbikibeblpjlehlh,8
GameDaddio Marketing,gbkmkgfjngebdcpklbkeccelcjaobblk,8
GamesChill Ads,dehhfjanlmglmabomenmpjnnopigplae,8
GameZooks Advertisements,kdkpllchojjkbgephbbeacaahecgfpga,8
GoFreeRadio Promos,bbjilncoookdcjjnkcdaofiollndepla,8
GreatArcadeHits Ads,ocifcogajbgikalbpphmoedjlcfjkhgh,8
JumboQuiz Advertising,dibjpjiifnahccnokciamjlfgdlgimmn,8
LoveTestPro Ad Offers,fekjbjbbdopogpamkmdjpjicapclgamj,10
MapsFrontier Advertisement Offers,ofdfbeanbffehepagohhengmjnhlkich,10
MapsFrontier Advertisements,oehimkphpeeeneindfeekidpmkpffkgc,10
MapsFrontier Advertising,aaeohfpkhojgdhocdfpkdaffbehjbmmd,10
MapsFrontier Advertising Offers,gpaaalbnkccgmmbkendiciheljgpdhob,10
MapsFrontier Promos,fhkmacopackahlbnpcfijgphgoimpggb,10
MapsPilot Ad Offers,abjbfhcehjndcpbiiagdnlfolkbfblpb,10
MapsScout Advertising Offers,fjclfmhapndgeabdcikbhemimpijpnah,10
MapsTrek Offers,pjjghngpidphgicpgdebpmdgdicepege,10
MapsTrek Promos,poppendnaoonepbkmjejdfebihohaalo,10
MapsTrek Promotions,obcfkcpejehknjdollnafpebkcpkklbl,10
MapsVoyage Ads,pjpjefgijnjlhgegceegmpecklonpdjp,10
MapsVoyage Advertising,icolkoeolaodpjogekifcidcdbgbdobc,10
MapsVoyage Promotions,nchdkdaknojhpimbfbejfcdnmjfbllhj,10
Offers by MapsFrontier,jepocknhdcgdmbiodbpopcbjnlgecdhf,10
Offers by MapsScout,gmljddfeipofcffbhhcpohkegndieeab,10
PackageTrak Promos,oanbpfkcehelcjjipodkaafialmfejmi,8
PackTrackPlus Promos,jdoaaldnifinadckcbfkbiekgaebkeif,8
PackTrackPlus Promotions,jaehldonmiabhfohkenmlimnceapgpnp,8
PlayPopGames Ads,lebmkjafnodbnhbahbgdollaaabcmpbh,8
PlayThunder Offers,emkkigmmpfbjmikfadmfeebomholoikg,8
PlayZiz Advertisements,opooaebceonakifaacigffdhogdgfadg,8
ProMediaConverter Promotions,lhfibgclamcffnddoicjmoopmgomknmb,8
QuickNewsPlus Promos,gjammdgdlgmoidmdfoefkeklnhmllpjp,8
QuizFlavor Advertising,obbfndpanmiplgfcbeonoocobbnjdmdc,8
QuizPremium Advertisements,ddenjpheppdmfimooolgihimdgpilhfo,8
RecipeAlly Promos,oildfadoaeldamidcfdegbfoeoejjaid,8
SuperSimpleTools Promos,lidnmohoigekohfmdpopgcpigjkpemll,8
YoYoQuiz Advertisements,dajgdhiemoaecngkpliephmheifopmjb,8
YoYoQuiz Promotions,gkemhapalomnipjhminflfhjcjehjhmp,8
Fake Postman,djdcfiocijfjponepmbbdmbeblofhfff,10
QuickNewsWorld Promos,mgkmlkgpnffmhhfallpoknfmmkdkfejp,8
DOCtoPDF,lepjcehmlpfdgholbejebidnnkkannpl,8
Search Manager,ljnppgaebjnbbahgmjajfbcoabdpopfb,8
ViewPDF,ciiobgcookficfhfccnjfcdmhekiadje,8
ViewPDF2,hadebekepjnjbcmpiphpecnibbfgonni,8
Spotify Music Downloader,pcaaejaejpolbbchlmbdjfiggojefllp,6
Odnoklassniki UnBlock. Works quickly.,mnafnfdagggclnaggnjajohakfbppaih,10
The New York Times News,lmcajpniijhhhpcnhleibgiehhicjlnk,4
Upload photo to Instagram™,oknpgmaeedlbdichgaghebhiknmghffa,8
Direct Message for Instagram,mdpgppkombninhkfhaggckdmencplhmg,8
DM for Instagram,fgaapohcdolaiaijobecfleiohcfhdfb,8
Invisible mode for Instagram Direct Message,iibnodnghffmdcebaglfgnfkgemcbchf,8
Downloader for Instagram,olkpikmlhoaojbbmmpejnimiglejmboe,10
App Phone for Instagram,bhfoemlllidnfefgkeaeocnageepbael,10
Stories for Instagram,nilbfjdbacfdodpbdondbbkmoigehodg,10
Universal Video Downloader,cogmkaeijeflocngklepoknelfjpdjng,7
Video Downloader for FaceBook™,pfnmibjifkhhblmdmaocfohebdpfppkf,10
Vimeo™ Video Downloader,cgpbghdbejagejmciefmekcklikpoeel,10
Zoomer for Instagram™ and FaceBook™,klejifgmmnkgejbhgmpgajemhlnijlib,10
VK UnBlock. Works fast.,ceoldlgkhdbnnmojajjgfapagjccblib,10
Microsoft Authenticator,mabdjppmcjpjploliggpbonahnjjlgkf,7
ScreenShot & Screen Capture Elite,flbcjbhgomclbhlchggbmnpekhfeacim,3
Kawaii Wallpaper HD Custom New Tab,aadmpgppfacognoeobmheghfiibdplcf,3
 Shadow Of The Tomb Raider Wallpaper New Tab,abgfholnofpihncfdmombecmohpkojdb,3
 Kpop SHINee Wallpapers HD New Tab,aciloeifdphkogbpagikkpiecbjkmedn,3
 Tokyo Ghoul Wallpaper HD Custom New Tab,acmgemnaochmalgkipbamjddcplkdmjm,3
 Mega Man Wallpaper HD Custom New Tab,addpbbembilhmnkjpenjgcgmihlcofja,3
 Weather forecast for Chrome‚Ñ¢,adfjcmhegakkhojnallobfjbhenbkopj,3
 Kpop Blackpink Wallpaper HD Custom New Tab,aeklcpmgaadjpglhjmcidlekijpnmdhc,3
 Kpop Red Velvet HD NewTab Themes,afifalglopajkmdkgnphpfkmgpgdngfj,3
 Tumblr Wallpapers Wallpaper HD Custom New Tab,agldjlpmeladgadoikdbndmeljpmnajl,3
 season 6 fortnite HD Wallpapers NewTab,ahmmgfhcokekfofjdndgmkffifklogbo,3
 Unicorn Wallpaper HD Custom New Tab,aippaajbmefpjeajhgaahmicdpgepnnm,3
 My Hero Academia Wallpaper HD Custom New Tab,akdpobnbjepjbnjklkkbdafemhnbfldj,3
 Cs Go Wallpaper HD Custom New Tab,akhiflcfcbnheaofcaflofbmnkmjlnno,3
 Super Junior Wallpapers Eunhyuk,aklklkifmplgnobmieahildcfbleamdb,3
 Boku No Hero Academia Wallpaper HD New Tab,alppaffmlaefpmopolgpkgmncopkbbep,3
 D.Gray-man Backgrounds New Tab,amdnpfcpjglkdfcigaccfgmlmdepdpeo,3
 Super Cars - Sports Cars Wallpaper HD New Tab,aomepndmhbbklcjcknnhdabaaofahjcj,3
 Lil Pump HD New Tab,badbchbijjjadlpjkkhmefaghggjjeha,3
 3D Wallpaper HD Custom New Tab,bbbdfjdplonnggfjjbjhggobffkggnkm,3
 Snowman & Gingerbread New Tab Constellations,bbdldenhkjcoikalkfkgolomdpnncofc,3
 Gucci Tab Themes HD Bape,bcdjcbgogdomoebdcbniaifnacjbglil,3
 Bulldogs Tab,bcepmajicjlaoleoljbpaemkfghohmib,3
 Kobe Bryant - Black Mamba New Tab Themes HD,bdbablmeheiahecklheciomhmkplcoml,3
 GTA 5 Grand Theft Auto,bfeecodfffgkdedfhmgbfindokikafid,3
 Bangtan Boys Wallpaper HD Custom New Tab,bhifimmocncplbnikchffepggmofkake,3
 Aquarium Live Wallpaper HD Custom New Tab,blipiofdiknkllpajgepiiigfmfgnfep,3
 RM & Jin Tab Wallpapers,bmagbmnmkaknlnoohbmobfmlgndijecb,3
 Akame Ga Kill Wallpapers HD,bnecbeikepeloplclngelcgmgdnafhlp,3
 Sports Cars,bpnmalopmgpilaoikaeafokedkkonhea,3
 Moving Wallpapers Wallpapers,cbncogjaakomibjcgdkpdjmlhfcjfojc,3
 Christmas Tree Lights NewTab Emoji,ccgmdfdcnpcfmpceggggmnhbolkhlffi,3
 Jungkook HD Tab Backgrounds,ccmnnlcciddhkdllgfmkojmmmpahdhlp,3
 CS GO Themes NewTab,cdpmhflbdaoifgkmlhpfkbfgcifchgpn,3
 One Direction 1D HD NewTab,cepgcjakdboolfkcbihdokfjjkeaddin,3
 My Hero Academia Wallpaper HD Custom New Tab,cfadfngejcdogjkkdohpkgeodjooogip,3
 Suga,cgdmknakejoaompdmdeddpgmjffnniab,3
 Puppies Wallpaper HD Custom New Tab,cgodgjmdljiecnbcgdampafcmlgmfmid,3
 Gta V Wallpaper HD Custom New Tab,cibigjhoekijbagpgcgpgimebaiocdgm,3
 Lamborghini Live Wallpaper HD Custom New Tab,cjbdbomgdbdgdlainhobpjnfkoidcond,3
 Tokyo Ghoul Wallpaper HD Custom New Tab,clndgmolhlkchkbiinamamnbibkakiml,3
 Galaxy Wallpaper HD Custom New Tab,cmbfgkkjfkmmhalhebnhmanbenfghkcm,3
 Stargate SG-1 Tab Wallpapers HD,cncepimkmnhgbjmbcgoomegdkdhplihm,3
 Rogue One - Star Wars Wallpaper HD New Tab,cnfbbaddndiehkmhdmmngecaofaojaeo,3
 Bugatti Vs Lamborghini Wallpaper HD New Tab,codilkcdacpeklilmgjknekfpminaieo,3
 Galaxy Space Wallpaper HD Custom New Tab,dakenmmdlklnjdpdfmdjccpeapmijaad,3
 Avengers Endgame,dapecdhpbakbfcoijjpdfoffnajhifej,3
 Spiderman HD NewTab Comics,dckadbanpeemhkphnnllamgolhbbbebi,3
 Glitter Wallpaper HD Custom New Tab,ddodaoihhhohncjalnjgmgnlfhgckgdj,3
 Super Cars Wallpaper HD Custom New Tab,dhbhgfiodedkhgocailljbhcfjhplibb,3
 Naruto Wallpaper HD Custom New Tab,dhcnonhheahlocjbbpkbammanpenpfop,3
 Cats & Dogs Wallpapers & Cats & Dogs Games,dhgmdjkeagnhamkedcejighocjkkijli,3
 Riverdale Tab Themes,dinlhhblgeikohhbfkcoeggglbjlanhg,3
 Kawaii Wallpaper HD Custom New Tab,djjdjlbigcdjlghdioabbkjhdelmdhai,3
 Stephen Curry NewTab Wallpapers,dkcppkdodfegjkeefohjancleioblabi,3
 Naruto Wallpaper HD Custom New Tab,dkfbfgncahnfghoemhmmlfefhpolihom,3
 Witcher Backgrounds HD Tab,dmklpmfpkokephcjdmocddkhilglgajl,3
 Planet Earth Nature Space Art Wallpaper Tab,dnimnhhaiphlclcocakkfgnnekoggjpl,3
 Galaxy Space Wallpaper HD Custom New Tab,doecpeonnonddhfpabfgblijljennlcj,3
 Beagle Wallpapers New Tab,dofbgmolpdoknlknfjddecnahgjpinpb,3
 Blue Exorcist Wallpapers NewTab,dppogkehbpnikehcmadgkbimjnmhdnlo,3
 Boku No Hero Academia Wallpaper HD New Tab,eapceolnilleaiiaapgionibccekkeom,3
 Sicario Day Of The Soldado Themes NewTab,ecaejcfpngljeinjmahknbemhnddiioe,3
 StarCraft Themes NewTab,ecgafllkghmmbnhacnpcobibalonhkkj,3
 Nike Themes,edfmeionipdoohiagoaefljjhififgnl,3
 Jesus New Tab,edgbooeklapanaclbchdiaekalebmfgb,3
 Sword Art Online Wallpaper HD Custom New Tab,edohegfjelahakooigmnmkmjofcjgofe,3
 Bts Suga,eeeiekjkpbneogggaajnjldadjmclhlo,3
 Hot Rod Wallpapers - Classic Cars Themes,eejkpejdfojkbklnlnpgpojoidojbhnh,3
 Anime Wallpaper HD Custom New Tab,efckalhlcogbdbfopffmbacghfoelaia,3
 Zelda Wallpaper HD Custom New Tab,efnaoofiidefjeefpnheopknaciohldg,3
 Anime Wallpaper HD Custom New Tab,egdpmjnldpefdaiekiapjkanabfiaodp,3
 Video Downloader and MP3 converter Pro,egicjjdcjhfdnejimnhngogjmoajffpm,3
 Danganronpa Wallpapers,ejcefeinlmdmpnohebfckmodhdkhlgmk,3
 Adblocker for YouTube - Youtube Adblocker,ejighbgeedkpcambhfkohdalcgckdein,3
 Cristiano Ronaldo Wallpapers,empoeejllbcgpkmghimibnapemegnihf,3
 Auto Replay for YouTube,enlaekiichndcbohopenblignipkjaoa,3
 Anime Wallpaper HD Custom New Tab,enmomapaolnpbaenhilkjhmobpggjcpm,3
 Bangtan Boys Wallpaper HD Custom New Tab,eohabjkmhajbeaejogdikpgapkeigdki,3
 Minecraft Wallpaper HD Custom New Tab,eoijplcnfnjgofchhdkkhpfcjkcefgkb,3
 Ferrari Wallpaper HD Custom New Tab,facihnceaoboeoembnbmdlecmkpioacc,3
 Detective Pikachu Wallpaper HD Custom New Tab,fagaafjhdmoagacggplmbpganjfjjpcf,3
 Sword Art Online Wallpaper HD Custom New Tab,fanonokndfeibplocpeipgfbopkigcce,3
 Japan NewTab,faokbgedcfhnfecloigcihpplicdnann,3
 Wreck It Ralph 2 New Tab Themes HD Moana,fcdopghpidfdeglcheccmehiaedgpmkm,3
 Neon Wolf NewTab,fdacngbbemokpkmdkdefkoodndakgejc,3
 Zombies Wallpaper HD Custom New Tab,fdfffeipjpofnkmdkadjcjohdfoeblhk,3
 Freddy fnaf New Tab Backgrounds,ffhamkjhfajcjlnobkogimnhiagohgfg,3
 Boku No Hero Academia Wallpaper HD New Tab,fjnbjacfigdidgeeommhbdhnojamhpfg,3
 Portal Wallpapers & Portal Games,fjohhelccbogecmolmjemopgackpnmpg,3
 Aquarium Live Wallpaper HD Custom New Tab,flagaiaajbikpfnnkodcphdcmgefmbcl,3
 Chicago Cubs Wallpapers Cubs World,flgfngbiaanimkhjkojnmilfalidpign,3
 Spiderman - Into The Spider Verse Themes Man,fmngfipkcebejdconcibohjjgfmokhpa,3
 Motivational Quotes Wallpaper HD New Tab,fnblapfcdifokdbkpcbhpkajlkgmcjii,3
 Kimetsu No Yaiba Wallpaper HD Custom New Tab,fpdjcfokkeooncckcolkmmppebjnfhgh,3
 Galaxy Wallpaper HD Custom New Tab,fphafkamioonlcelldogidajbcmmicco,3
 Chevrolet Corvette Backgrounds,fpjbgjpkfcanmdgjpmnnmoekkaahmafg,3
 Thanos Marvel Wallpaper HD Custom New Tab,fplmpcijomgjmfbjcidbgpjdmhmamlkf,3
 Tokyo Ghoul Wallpaper HD Custom New Tab,gdacidkmmbdpkedejaljplnfhjidomio,3
 Roblox Wallpaper HD Custom New Tab,gdoomgeeelkgcmmoibloelbodkpggdle,3
 Pink Wallpaper HD Custom New Tab,geoolholooeeblajdjffdmknpecbkmah,3
 Despicable Me 3 Wallpaper HD Custom New Tab,ghfgeefhkkoajgmnopaldgcagohakhmg,3
 Supercars Mustang-Lambo-Bugatti-Nissan Tab,ghhanhhegklhcoffmgkdbiekfhmbfbnc,3
 Fortnite Live NewTab,gjkigcdoljdojaaomnadffdhggoobdpc,3
 Swag HD Tab Wallpapers,gkjkhpbembbjogoiejpkehohclfoljbp,3
 Nba Youngboy Wallpaper HD Custom New Tab,glibnbcgclecomknccifdaglefljfoej,3
 Horse Wallpaper HD Custom New Tab,gllogphgdmclhfledlcgmdolngohamcl,3
 Fire Horse Wallpaper HD Custom New Tab,haagbldencigkgikfekmoaaofambnafp,3
 Puppies Wallpaper HD Custom New Tab,haglbigaalkckkedjamjibfnklbbodck,3
 J Hope & V Bts Vhope HD NewTab,hcgepcgbgnleafnfcepjbekchbdmekfa,3
 Pokemon Go Wallpaper HD Custom New Tab,hdbchphkjjidcfidaelcpmonodhhaahp,3
 Dark Souls Themes NewTab HD,hdljgflalglmllbagpacjmkdiggliidk,3
 Fortnite Live Wallpapers New Tab,hdpnlijiblkmokbjljbahhgkpokgpkli,3
 Blade Runner 2049 Wallpaper HD Custom New Tab,heaphjoejcpdagahbnkkloiaicpadomp,3
 Christmas Tree - Rose Gold Themes Frozen,hjfmdhbmpagpfheceengkakdmpncmlif,3
 Unicorns Wallpaper HD Custom New Tab,hjkjkmkoklbhjhlddialffkchddlncjb,3
 Harry Potter Wallpaper HD Custom New Tab,hjoihkjijjbkiglgeghbokincmidfped,3
 Star Wars Wallpaper HD Custom New Tab,hncokbmdmbmmlkjhoagcpokehopdikhc,3
 Sports Cars - Super Cars Wallpaper HD New Tab,hnhpnbajfmmopedidmiablkcdnlegkmd,3
 Unicorns Wallpaper HD Custom New Tab,homdfmaeflodjknffbnhagmlhmgmbjac,3
 Dragon Ball Z Wallpaper HD Custom New Tab,iccagibmclklcmiejfddepgffgkhnnib,3
 Marble Wallpaper HD Custom New Tab,idkllmolbaiailjfidkjcidapkddidbg,3
 Naruto Wallpaper HD Custom New Tab,ifbffcgakkboaffkidggpcjolehhhbfd,3
 Roblox Wallpaper HD Custom New Tab,ifdebecchhapkfdbcbhpmjonmbpfpnck,3
 Bts Wallpaper HD Custom New Tab,igbcfkjflkgamnoikcpiljglnmjnkjac,3
 Motivational Quotes Wallpaper HD New Tab,iiblgogamkmdfojoclpdhainbndfpcci,3
 Fortnite Season 7 Wallpaper HD Custom New Tab,inkankpmoblmficechfgfinajifbfkdn,3
 Lamborghini Wallpaper HD Custom New Tab,ioejcipbmdjinhfciojiacdjolkabkmn,3
 BTS Members Themes NewTab,iojhbljpppeociniiemjfelmdcgikmep,3
 Neon Genesis Evangelion NewTab,ipgnnndhgeaclopjgiihppbbfnmkmjcm,3
 Horse Backgrounds HD,jckaglinbbflgcklfgacjdmgpnccmdng,3
 Fortnite Omega Wallpaper HD Custom New Tab,jfocahgaekfaemhfcfefcodphgpinnch,3
 Forntine Skin Wallpaper HD Custom New Tab,jgbkgjepkeklblmlhnpjmnbinmifjenc,3
 Marble Wallpaper HD Custom New Tab,jlbebokeclkofhchdepbojfhmocdlhfl,3
 Sports Cars - Super Cars Wallpaper HD New Tab,jlbhkoohfmnikpalgglhpadlbeiobkaa,3
 Hetalia Backgrounds HD Tab,jmlbnlcodmikhdpbjjdemgaebjgmpooa,3
 Minecraft Wallpaper HD Custom New Tab,jnmckphflgdpioinbjaeckdajkbgcfgg,3
 Santa Claus Wallpapers & Santa Claus Games,kcjahchbheejjpdpohgfkaoknhcdjjnh,3
 Fortnite Wallpaper HD Custom New Tab,kdihodbgfndblemlklkllhfjhiidbgih,3
 Just Cause 4 Themes New Tab Avalanche,kefmhdhaebhmdeaabcgoaegmgodncebc,3
 Galaxy Wallpaper HD Custom New Tab,kicmnilchjfefpceoaiopdpbpkicgjjm,3
 Pokemon Wallpaper HD Custom New Tab,kigiheamdfmilbhkfdploghfnndcgkko,3
 Pokemon Backgrounds HD,kjgceeikbnmddoaggelkkpljdabhghkc,3
 Hypebeast Wallpapers HD New Tab,kkeojhapoadcdlmkjlakdbhfkldbbmgi,3
 Photography Wallpaper HD Custom New Tab,klblfmpeelmpnadjahhdakiomhaepogb,3
 Super Junior Wallpapers & Super Junior Games,kmfiklhdkhidbmofjbgmpeaogglkndpe,3
 Logan (Wolverine) Wallpaper HD Custom New Tab,knacgnmpceaffedmgegknkfcnejjhdpp,3
 Darling In The Franxx New Tab HD,kppjffaccdlhfeleafnohmfkgimdjmgg,3
 Snow Man Wallpapers & Snow Man Games,lbbegfjhlhpikmhbdcfcoadegdldmaen,3
 Made In Abyss Wallpaper HD Custom New Tab,lbjgbekokephmmfllmpglefmoaihklpn,3
 Athletes Motivational Quotes Backgrounds,lblnngjkgcpplmddebmefokmccpflhip,3
 Naruto Wallpaper HD Custom New Tab,lcdabcbanafchdlcbdjgngcplnkijala,3
 Minecraft Wallpaper HD Custom New Tab,lcgjhoonomcmjpbnijfohbdhhjmhjlal,3
 Bulldogs Themes,ldkienofjncecbbnmhpngiiidekfcdoe,3
 Harry Potter Wallpaper HD Custom New Tab,lemhpidjofhodofghkakoglahdafpcbe,3
 Pokemon Go Wallpaper HD Custom New Tab,lgekbdjboenacbkiabfkkcpjgacmjcdg,3
 Neon wolf Backgrounds HD,lggmpibegkcnfogpophgnchognofcdgo,3
 Roblox Wallpaper HD Custom New Tab,ljppknljdefmnkckkdjaokhlncbiehgo,3
 Space Wallpaper HD Custom New Tab,lkdahidfbdadmblpkopllegopldfbhge,3
 3D Wallpaper HD Custom New Tab,llngndcpphncgeledehpklbeheadnoan,3
 Bangtan Boys Wallpaper HD Custom New Tab,lmmdoemglmnjenhfcjkhgpkgiedcejmn,3
 Superheroes Wallpaper HD Custom New Tab,lniooknjghghdjoehegcoinmbhdbhcck,3
 3D Wallpaper HD Custom New Tab,makliapgjjpdkkaikobcmdhkfbfcoafk,3
 Aquarium Live Wallpaper HD Custom New Tab,maohnjppabopdhfkholcdkpehdojnpoc,3
 Roblox And Minecraft Wallpaper HD New Tab,mcadalidfbmnponoamfdjlahdeheommb,3
 Sword Art Online Wallpaper HD Custom New Tab,mcafdholbcjhepgnpfdogaiagjmlfcon,3
 Bears Wallpaper HD Custom New Tab,meioomnaphfjchjidcfnbadkbaaoanok,3
 Fortnite Wallpaper HD Custom New Tab,mjbmelinkhpkmbjnocdklkjpiilpikba,3
 Black Clover Wallpaper HD Custom New Tab,mkghdamdheccacmkmnchkaoljoflpoek,3
 Star Wars Wallpaper HD Custom New Tab,mkjcnnfcmmniieaidfadidepdgfppfdj,3
 Doctor Who Wallpaper HD Custom New Tab,mmhaojkmpbmgbkojlagnhmjlfmnaglla,3
 Namjin Bts Wallpaper HD Custom New Tab,mmlhchoolkdnmnddgmoohigffekjnofo,3
 Hypebeast Dope Supreme Wallpaper HD New Tab,mmmapklofkmbcahafjmiogdbmpagimlp,3
 Fireplace Live Wallpaper HD Custom New Tab,mngcfgonjbdbdbifcbhmdiddloganbcc,3
 Satsuriku No Tenshi Wallpaper HD New Tab,mnnpffgmgkbdllleeihdgfgleomdhacm,3
 Rocket League Wallpaper HD Custom New Tab,moalaminambcgbljenplldelnhnaikke,3
 Moana Wallpaper HD Custom New Tab,moljhdcbomchgdffhddpicbokacnbjoj,3
 Alfa Romeo Wallpaper HD Custom New Tab,mpdpjfobafahmgicjmpnfklbphhlacel,3
 Lion Wallpaper HD Custom New Tab,mpfleoaldoclbjhfkgbmnelkkbolbegl,3
 Super Cars - Sports Cars Wallpaper HD New Tab,nafbodmhgaabbfchodpkmpnibgjmeeei,3
 Red Dead Redemption Wallpaper HD New Tab,naofchadlleomaipaienfedidkiodamo,3
 League Of Legends (Lol) Wallpaper HD New Tab,nbbeiofjfjmnicfhkfbjdggbclmbaioc,3
 Dinosaurs Wallpaper HD Custom New Tab,nbblafbmmogmlhejjondcclcgbkdmjln,3
 Lilo And Stitch Wallpaper HD Custom New Tab,nbekcbebginchflfegofcjjmojpppnad,3
 Ugandan Knuckles Wallpaper HD Custom New Tab,nbhjdcacphemibgeamjkmeknfeffgngk,3
 Hedgehog Wallpaper HD Custom New Tab,nchffcpkbehklpbdodlakgdbnkdcnpbi,3
 Blade Runner 2049 Wallpaper HD Custom New Tab,nckldhnoondmiheikhblobkgcfchcbld,3
 Vkook Kim Wallpaper HD Custom New Tab,ncnonnloajjbpdpgnelmlbflmbhlilid,3
 Bears Wallpaper HD Custom New Tab,ncpjlhellnlcjnjmablbaingipdemidh,3
 Death Note Wallpaper HD Custom New Tab,ndchgkeilnpiefnoagcbnlellpcfmjic,3
 Daredevil Wallpaper HD Custom New Tab,ndeejbgcbhehjpjmngniokeleedmjmap,3
 Gucci Wallpaper HD Custom New Tab,ndihciopmidkbamcfgpdmojcpalolfgo,3
 Jisung Stray Kids Wallpaper HD Custom New Tab,neafafemicnbclhpojeoiemihogeejhl,3
 Kill La Kill Wallpaper HD Custom New Tab,nekimocmhfdimckbgchifahcgafhnagb,3
 One Direction Wallpaper HD Custom New Tab,nenaiblmmandfgaiifppcegejpinkebl,3
 Chicago Bulls Wallpaper HD Custom New Tab,neplbnhjlkmpekfcjibdidioejnhejfl,3
 Ant Man & The Wasp Wallpaper HD New Tab,nepnhilmahdmejhghfbjhhabaioioeel,3
 Jimin & Jungkook Wallpaper HD Custom New Tab,nfanjklinojeimbhmfliomdihldjhfpm,3
 Danganronpa V3 Maki Wallpaper HD New Tab,nfebelgoldoapjgfkekcmbddpljakakp,3
 Ad-block for YouTube - Youtube Ad-blocker Pro,nfhbpopnbgigkljgmelpfncnghjpdopf,3
 Seattle Seahawks Wallpaper HD Custom New Tab,nfpnclghflfcgkgdjcbpoljlafndbomk,3
 Adidas Wallpaper HD Custom New Tab,ngaccohdjpkgnghichikgcpfagnoeeim,3
 Real Madrid Wallpaper HD Custom New Tab,ngajighkghnbfnleddljedblnjaggebo,3
 Kpop Nu Est Wallpaper HD Custom New Tab,ngchnhjdpgpkapghgpncmommhelegfbh,3
 Satsuriku No Tenshi Wallpaper HD New Tab,ngeofnobniohmdmdkliflkeppfgbjpgn,3
 Kingdom Hearts 3 Wallpaper HD Custom New Tab,nglggaejaflihehbajhppedepephbfae,3
 Voltron Wallpaper HD Custom New Tab,nhnemamgicdjigoedllaicngcfihkmhf,3
 One Piece Anime Wallpaper HD Custom New Tab,nhneoegahiihkkgdindfdnobhhhlpfnm,3
 Fruits Basket Wallpaper HD Custom New Tab,njablodeioakdgahodegclphmnbaphin,3
 Godzilla Wallpaper HD Custom New Tab,njdegihoinoiplfpbcckmjahlnpeipii,3
 Dope Wallpaper HD Custom New Tab,njliieipbkencklladfemkkipmfcjiom,3
 Ikon Wallpaper HD Custom New Tab,nklckhbegicdajpehmmpbnpelkdjmdoc,3
 Devil May Cry Wallpaper HD Custom New Tab,nkopnpaipcceikcmfcjlacgkjoglodag,3
 Final Fantasy Wallpaper HD Custom New Tab,nldffbaphciaaophmdnikgkengbmigli,3
 Heart Wallpaper HD Custom New Tab,nmkfcjaghjoedelgkomoifnpdejjpcbj,3
 Hawaii Wallpaper HD Custom New Tab,nmlmdkblidkckbhidgfgghajlkgjijkp,3
 Puppies Wallpaper HD Custom New Tab,nnceiipjfkdobpenbmnajbkdfiklajgl,3
 One Direction - 1D Wallpaper HD New Tab,noiinnecebffnjggilfhailhhgdilbld,3
 Vmin Bts Wallpaper HD Custom New Tab,nojmjafalbmmoohpmjphalepmfnmhfao,3
 Kill La Kill Wallpaper HD Custom New Tab,npcndkopgafkjggoledlgfblodppnckj,3
 Red Dead Redemption Wallpaper HD New Tab,nphiadicgehlpbniemnkhinphngoeaeg,3
 Attack On Titan Wallpaper HD Custom New Tab,oaihijkoodmmaibfhojdinffpinmhdji,3
 Chicago Bulls Wallpaper HD Custom New Tab,oanlnaeipdakcmafockfiekhdklfidjb,3
 Destiny 2 Wallpaper HD Custom New Tab,oanplobhgngkpkpeihcdojkongpiheci,3
 Clash Royale Wallpaper HD Custom New Tab,obahibdkmhmnenkcdpakilchcppihopl,3
 Deadpool Wallpaper HD Custom New Tab,obgdpcjbebcaphmigjhogcikejnlbjgl,3
 Dank Memes Wallpaper HD Custom New Tab,ocfpmgbbkjeblbhdehminjdjffhcidbi,3
 Bts Wallpaper HD Custom New Tab,ocgfhclcahimdhfjgmakmfdnhomofljo,3
 Chevrolet Corvette Wallpaper HD New Tab,ocponkhpfikgnggeflddgkfcmhjejedo,3
 Lamborghini Super Cars Wallpaper HD New Tab,odoenahafpbigcelejhbkkhnjfleanok,3
 Fortnite Drift Wallpaper HD Custom New Tab,oehamnhnpejphgpkgnenefolepinadjj,3
 Rocky Paw Mighty Pups Wallpaper HD New Tab,oejbnchocabaoicconfnbjghebmbfemc,3
 Yeezy Wallpaper HD Custom New Tab,oejmcobpfiiladgbfpknibppfnekbolo,3
 Wild Animals 3D Neon Wallpaper HD New Tab,oemkcngaaomgokaclafmkcgcpbfelmnb,3
 Cherry Blossom Wallpaper HD Custom New Tab,ofbfieekadnmifbaoigkcffobkkjblep,3
 Audi R8 Wallpaper HD Custom New Tab,ofgihclaiecmjbfjnajjimdbjnbiimkk,3
 Art Wallpaper HD Custom New Tab,ofkjndegefemablfmefngnpchlhapdmi,3
 Custom Super Cars Wallpaper HD Custom New Tab,ofockibbbgfclddbpbhhohdldgkomhgm,3
 Louis Vuitton Wallpaper HD Custom New Tab,ogegpnamjdpcadpldhijjlhkicgbnkjj,3
 Japan Wallpaper HD Custom New Tab,ogiaghccmoklogdlbchapejmjnnlichn,3
 One Direction Wallpaper HD Custom New Tab,ohjoklkmollkbcibgddolpmpgaoophfl,3
 Deathstroke Wallpaper HD Custom New Tab,ohobkendnpiijpeiaimjbannfcmhaogi,3
 Dachshund Wallpaper HD Custom New Tab,ohoingjkmkkoffkdmbpipdncbkhaaefd,3
 Dc Comics Shazam Wallpaper HD Custom New Tab,oihecidjnjpjfeefkambkjgebbmpahgn,3
 Santa Claus Christmas Wallpaper HD New Tab,oilikkahlcnchaipbojfgejapechblbl,3
 Halloween Wallpaper HD Custom New Tab,ojfjgkolegfhneacbgcjaoajfgcfoapf,3
 Cars,ojhlagjgjbjfgllocdhlpnkbdlcipnmo,3
 God Of War 2018 Wallpaper HD Custom New Tab,ojmpgbcmiimbkmjfgmcneplkneleehcc,3
 The Incredibles 2 Wallpaper HD Custom New Tab,ojnlggfhmoioajgmnelfdpjojaeknjog,3
 Yeezy Wallpaper HD Custom New Tab,okgnpdnekilbcgcfeheanbpbhnhmopfc,3
 Sao Alicization Wallpaper HD Custom New Tab,okjdiicjoeloipmgdopdmhpebnnfadih,3
 Los Angeles Lakers Wallpaper HD New Tab,okphhehkikoonipdjmhglcmlgccjcblp,3
 Dragon Ball Super Wallpaper HD Custom New Tab,olochidfgadpdbdmdfbhgimiffnllaij,3
 Panda Wallpaper HD Custom New Tab,ombenndgcnmcnfohnbbjcmbmfmpefojc,3
 Fallout 76 Wallpaper HD Custom New Tab,omclahaofiigfggelbcleagcphjhabmp,3
 Lego Wallpaper HD Custom New Tab,onjjlcdmafgcjdbhmlnpmheobbfeilah,3
 Daredevil Wallpaper HD Custom New Tab,onnmfhejbikffoenamcfglpjnmmbkdeg,3
 The Vampire Diaries Wallpaper HD New Tab,oonheecobachpkogdjjnemiipogpgnmg,3
 Hulk Wallpaper HD Custom New Tab,opbobdfddmiemhekjiglckcenhpfdbjm,3
 Bap Kpop Wallpaper HD Custom New Tab,opjpfngjbdmgkilopbnapbkbngedcpmj,3
 Rwby Wallpaper HD Custom New Tab,oplhjpchbbngmpgcpjcbijhfehbhodgi,3
 Live Christmas Snowfall Wallpaper HD New Tab,oppbpkjmehgijcpeddkpbadoidfpcblg,3
 Tesla Wallpaper HD Custom New Tab,paddichbcfehpelokpidnagccddbpkin,3
 Bts Bangtan Boys Wallpaper HD Custom New Tab,pajbempmgmalnfpbnpclkelnhfccikal,3
 Kawaii Wallpaper HD Custom New Tab,pboddlnfegdnifbhepjegnokocjpadpd,3
 Boston Terrier Wallpaper HD Custom New Tab,pcbpmbmpjjibcmodpaomahiokikjomgc,3
 Ultra Instinct Goku Wallpaper HD New Tab,pcembleiffdccjkcebaodmhgkopipdan,3
 DBS and Dragon Ball Super,pcgcmplcfdfkkkmaggghdghnlddkpbbo,3
 Bmw Wallpaper HD Custom New Tab,pdhibfagbndnidgfjkhdhlfibdoofbji,3
 Bentley Wallpaper HD Custom New Tab,pdloaiifhmlbhhppajjmfpijopfeenoo,3
 Gothic Wallpaper HD Custom New Tab,pehnljkefahmlhifockljagcfcpljclc,3
 V & Jimin Wallpaper HD Custom New Tab,pelnnoacfeaanpmnmacjjnnpgfggekig,3
 Tiger Wallpaper HD Custom New Tab,pfekelemlpmelhipncgddloaflehglmb,3
 Momo Twice Wallpaper HD Custom New Tab,pfepcffcdodcancalckiencamnonoebl,3
 Lilo And Stitch Wallpaper HD Custom New Tab,pfpgpbfndacjjjdlgefggndhionakfmb,3
 Kpop Big Bang Wallpaper HD Custom New Tab,pghkmhmjldklacabcgkaaboikfaaogmi,3
 Clash Of Clans Wallpaper HD Custom New Tab,pgilbgknfcnjjblfnjojmcpkggipblci,3
 Bmw Wallpaper HD Custom New Tab,pgleokbigapafgjodffamlhdkhiagdgb,3
 Hulk Wallpaper HD Custom New Tab,phkafpikdokjpogdhjpkcgfjpfgnlgeo,3
 Carolina Panthers Wallpaper HD Custom New Tab,phmogllmicehmpglfobbihoelfidjnpd,3
 J-Hope Wallpaper HD Custom New Tab,pihogmfmhefemijkgmbimkngninbkkce,3
 Emoji Unicorn Wallpaper HD Custom New Tab,pilmbpeapchjcnldfomimmcfoigoenoc,3
 Assassination Classroom Wallpaper HD New Tab,pinfndnjmdocmimbeonilpahdaldopjc,3
 Forest Wallpaper HD Custom New Tab,pinkcaefpkjpljfflabpkcgbkpbomdfk,3
 Cool Fortnite Wallpaper HD Custom New Tab,pjabdohmcokffcednbgpeoifpdbfgfbj,3
 Harry Potter Wallpaper HD Custom New Tab,pjjmcpmjocebmjmhdclbiheoideefiad,3
 Code Geass Wallpaper HD Custom New Tab,plcdglhlbmlnfoghfhmbhehapfadedod,3
 Kpop Red Velvet Wallpaper HD Custom New Tab,pmdakkjbaeioodmomlmnklahihodjcjk,3
 Mac Wallpaper HD Custom New Tab,pmnpldnflfopbhndkjndecojdpgecckf,3
 Fortnite Skull Trooper Wallpaper HD New Tab,pnamonkagicmlnalnlcdaoeenhlgdklf,3
 Kakashi Hatake Wallpaper HD Custom New Tab,poeokidblnamjkagggonidcigafaobki,3
 Bts Wallpaper HD Custom New Tab,pofffhlknjbjolmfoeagdmbbdbjjmeki,3
 James Harden Wallpaper HD Custom New Tab,polgnkadhhhmlahkhhbicledbpklnake,3
 Muscle Cars Wallpaper HD Custom New Tab,ppicajcmopaimnnikbafgknffbdmomfk,3
 Forntine Battle Ground Wallpaper HD New Tab,ppmbiomgjfenipmnjiiaemcaboaeljil,3